,IDs,session,Rg,k=2,k=3,k=4,k=5,k=6,k=7,k=8,k=9,k=10,bisector_class,svm_class,em_class
0,365,1,80.2972726484215,53.628205032426735,88.76267804884715,92.90478891033052,89.51688271707869,98.04739704632678,97.14442791153152,94.29962497275864,92.04960883658576,98.61350656842647,k-returner,k-returner,k-returner
1,365,2,74.37548940567474,5.86770824087224,8.849356536557396,44.16445606692671,40.17005924815148,47.49090702439784,44.90256669308362,48.25617041786923,47.89064056118657,47.12074704946856,k-explorer,k-explorer,k-explorer
2,365,3,84.14609227133398,66.09326743322652,114.85020316336696,116.85363491217336,110.9426002038892,102.33374600290784,95.003078356174,103.99770995137445,103.3687266468961,100.68169754734345,k-returner,k-returner,k-returner
3,365,4,79.26848489026996,70.89428088710683,58.92659392224702,58.58402110387252,52.37896468263276,51.34739782931213,47.61027457311824,46.76346228259422,44.24819342557583,43.58946007514727,k-returner,k-returner,k-returner
4,365,5,68.32961189092632,25.15383778979968,23.71526569871172,26.76057423399829,33.10410783506415,34.24517313018068,32.44527574805532,32.54473603749153,34.41260455905253,35.076224299532456,k-explorer,k-explorer,k-explorer
5,1754,1,78.45301106333683,101.1805317242403,99.9876985746504,102.14990017143786,97.27505846824252,99.03267967453228,99.05681098193722,96.75439267915785,94.81569291324357,96.85332822107873,k-returner,k-returner,k-returner
6,1754,2,61.47979539921304,6.080193253507654,35.32099641949308,31.431599084471404,51.855035649609015,59.00361297309344,67.11795881889995,74.20653488997257,74.49381791817629,73.26812740047413,k-explorer,k-explorer,k-explorer
7,1754,3,64.92575988910113,7.862203006226133,7.412556081023678,7.862203006226133,7.703354247771992,7.862203006226133,7.781562894973961,7.862203006226133,7.813520166588817,7.862203006226133,k-explorer,k-explorer,k-explorer
8,1754,4,79.83369549321739,107.6540187596452,103.04215185645567,109.2142701423266,107.51243940051934,103.04215185645567,108.11997764698428,106.07612022652847,103.04215185645567,97.99891282542876,k-returner,k-returner,k-returner
9,1754,5,71.53247674234085,11.834506984051192,49.47377407260997,44.17452760232857,42.510338611788185,39.06254876540167,48.31923322363186,50.99070585247212,50.73619876941191,48.71340221700345,k-explorer,k-explorer,k-explorer
10,2258,1,70.20006464615594,25.439334154458944,21.50552230735012,68.15665475706396,75.31969819081561,77.3294089907324,72.41188595822291,70.26224342409476,68.73378398455648,67.29291459283876,k-explorer,k-explorer,k-explorer
11,2258,2,70.97790195472288,6.564005469258341,22.73041411579506,21.779427664375277,24.35922960851146,22.73041411579506,22.35113204737833,21.071792167968724,20.62856458885893,54.10723723392681,k-explorer,k-explorer,k-explorer
12,2258,3,74.69121064734685,12.894887552824963,11.623395061564484,38.47555286675916,35.89175213208617,34.15296096677936,32.17750010171074,39.32975183420662,39.73084469511461,51.74943502490463,k-explorer,k-explorer,k-explorer
13,2258,4,72.2451010488318,13.231381048267243,12.474665684923917,13.231381048267243,12.96405286423454,13.231381048267243,13.095670988515897,13.231381048267242,13.149452204501324,42.53832324439277,k-explorer,k-explorer,k-explorer
14,2258,5,69.50372680500395,59.84624744571149,61.24321882340812,64.56448972409936,62.02120927553733,61.243218823408114,58.08349608113135,61.937266649409054,61.24321882340812,59.09620630801946,k-returner,k-returner,k-returner
15,2693,1,75.4473666625866,6.2277381305111295,5.871567818051269,6.2277381305111295,6.101912268570678,24.112347825212563,27.76924631052051,27.41036250040859,27.61578028083799,30.011667341007588,k-explorer,k-explorer,k-explorer
16,2693,2,71.29564060818112,7.298373980216549,25.64960184544649,30.82548025222985,32.85113854041227,34.2344281667006,35.935718665749256,42.48163313298859,49.60595355601884,57.52183944316429,k-explorer,k-explorer,k-explorer
17,2693,3,81.82414925924874,3.5300053116107346,17.35596279220616,56.11650095727191,50.107374529326734,58.31358240364686,54.16021414808332,55.09702467303638,58.68028377087125,60.85329596791557,k-explorer,k-explorer,k-explorer
18,2693,4,57.98542493085713,17.40869035855371,26.2315043599801,25.95360736473941,24.457105443340325,25.707225875060075,24.1860000579142,24.848947471265006,25.67197337939764,36.50823465709863,k-explorer,k-explorer,k-explorer
19,2693,5,71.2072809563671,6.324555320336759,5.962847939999439,6.324555320336759,6.196773353931867,6.324555320336759,6.2596863714876125,37.41297030014708,47.52092225006075,52.71120834029398,k-explorer,k-explorer,k-explorer
20,3310,1,34.36675295643795,4.298336241436269,11.499463218819724,15.41970690743216,17.35495446391157,19.026378699577936,31.38928749771986,32.05599579360224,31.274576947375504,29.690768206071507,k-explorer,k-explorer,k-explorer
21,3310,2,60.71691945717762,25.630279943847672,22.416046390977808,19.77790135339047,20.116021254490438,20.750087386399365,22.315846540131997,26.592609895263507,25.296415324268526,25.022226675053872,k-explorer,k-explorer,k-explorer
22,3310,3,50.72596458106806,28.102791231477347,30.173145406200256,30.26232789431992,30.51465440298044,31.585233378789408,30.20369790848364,28.472228565378696,27.071412951247204,26.35818674213637,k-returner,k-returner,k-explorer
23,3310,4,49.17804584956851,29.96430167716244,27.848987429043905,26.96994292134404,27.93127478492721,26.646601609113585,26.73697909604556,25.859100944754573,24.944686751277143,24.02914564186121,k-returner,k-returner,k-explorer
24,3310,5,59.82829938654032,3.4729860271018143,11.040737789953278,10.438414796903908,35.64139559557117,56.43791104831877,63.85438186795216,65.68916319734055,65.05678339665918,64.83825056545626,k-explorer,k-explorer,k-explorer
25,4176,1,59.98850475895468,8.368260140422155,45.42447265571042,47.96373593953851,47.171507407662006,46.46620718859919,44.89398572914335,43.80507446188297,42.339193884866326,41.468595882238944,k-explorer,k-explorer,k-explorer
26,4176,2,59.78206986971679,27.289058399536867,24.1843804811961,25.57044497559633,25.679141989819936,24.184380481196104,25.334916482934748,24.443893025661843,24.184380481196104,24.484853736544963,k-explorer,k-explorer,k-explorer
27,4176,3,67.61241591202638,72.71663037664311,67.03008583768492,70.962091919442,71.33617595582203,68.3227676452272,70.91161140922594,72.30825037930781,72.62549448065515,72.5933092073,k-returner,k-returner,k-returner
28,4176,4,76.88178480273103,5.976080794857678,5.634303006616743,92.62066887314354,103.89782428499868,104.87423372260704,103.8717483310388,102.04221616147606,98.14487515756642,93.4479520181933,k-explorer,k-explorer,k-explorer
29,4176,5,68.35715152755743,11.661903789690625,12.787194597682978,11.35437690936849,12.69838134916767,12.787194597682978,12.010813344158214,12.78528613941304,12.787194597682978,12.254760979581246,k-explorer,k-explorer,k-explorer
30,4597,1,63.93990210868546,6.6476969696279,6.267508808662867,6.6476969696279,6.513386216093742,12.890721902304431,14.988849164873656,17.661384286068106,20.060618611279544,23.339130967048707,k-explorer,k-explorer,k-explorer
31,4597,2,68.36238736006094,17.40869035855371,14.22293111659217,20.09527048420431,23.14281750829449,22.541319541609678,24.57552385386593,23.433103210274297,23.381387848976065,23.95889166885646,k-explorer,k-explorer,k-explorer
32,4597,3,87.71384417642994,6.683651832199141,6.301407378183874,116.39974811203082,107.69402529342204,100.129533137829,97.8315239223986,96.20943633859191,96.382649205587,93.63067466431735,k-explorer,k-explorer,k-explorer
33,4597,4,64.20204972731885,21.34579767805356,20.125011050650308,21.345797678053557,20.914524985566867,30.82740948562377,36.425838207994616,44.52849519454196,44.33313360325121,42.975955329177545,k-explorer,k-explorer,k-explorer
34,4597,5,70.48519379195682,16.41307067214693,15.47439142982552,16.41307067214693,16.081459303599726,14.82225102723618,18.63445819094215,42.52116171097478,47.83175288027881,47.12234541594889,k-explorer,k-explorer,k-explorer
35,4796,1,99.35035851883332,13.553941976865802,19.35642045548671,147.5056117252879,158.2886634051379,148.29745084102734,143.5116130407926,136.74342403686433,145.50508242040314,154.63209477607035,k-explorer,k-explorer,k-explorer
36,4796,2,84.50782883055825,4.353618386532699,21.46882010324541,19.982283820090892,22.577749617217776,21.838150179004177,22.925369846623408,22.48997292969629,55.450047283065366,68.49700461862078,k-explorer,k-explorer,k-explorer
37,4796,3,76.1714455014843,33.46855904344322,30.528642693237416,28.75635195531203,32.085585548654095,30.528642693237416,29.70523671737652,31.565810882451075,30.52864269323741,30.003404251295667,k-explorer,k-explorer,k-returner
38,4796,4,84.57170679634349,88.87983460830696,86.3439146954681,91.52859867276456,88.85761394250667,86.3439146954681,82.30072476626287,79.35778192517313,96.29091286590184,103.9981507581318,k-returner,k-returner,k-returner
39,4796,5,76.07585905690257,10.188501143718618,18.290522405785545,24.877337969413936,25.09962372449258,30.689132270335907,34.42725545795579,34.01773638690395,32.19433275793109,31.798283671362583,k-explorer,k-explorer,k-explorer
40,4917,1,67.66435720316532,10.974639325888251,26.56848244178162,30.393341513123108,28.840336336457643,28.55992927486314,26.92430811268765,27.05660540114618,29.63740060132284,49.17698479302419,k-explorer,k-explorer,k-explorer
41,4917,2,64.83805225253172,18.192546550716862,42.855737043374525,44.78759550296823,40.45750973681287,36.98147516827436,39.57867758494314,40.25019846928905,39.93299309184231,38.50792204327186,k-explorer,k-explorer,k-explorer
42,4917,3,62.81540395361593,4.151012259410684,52.30265968262552,47.84585619320768,44.4423559231506,41.31669692079031,38.93319325992879,48.076672839893625,46.08250525751965,44.44235592315059,k-explorer,k-explorer,k-explorer
43,4917,4,70.71281015335155,11.322336883347004,38.10958924183086,41.308809614126034,40.44615350479367,39.36665394269664,41.70559697352435,41.05360923034263,39.94612486472976,41.65202225982952,k-explorer,k-explorer,k-explorer
44,4917,5,67.9939437077404,25.439334154458944,20.791686768589194,29.49083249738616,37.42473929249354,43.96030837819225,43.6195001721763,41.293168765249135,39.97947885621306,40.35375430007858,k-explorer,k-explorer,k-explorer
45,5238,1,71.90206683910893,41.13948832934119,50.39517172639988,51.11559510071265,48.47823016571459,51.17127648434263,52.401306651413854,76.94400019927913,89.64959105849135,94.63972298494257,k-returner,k-returner,k-returner
46,5238,2,66.88765210475951,32.0331859171079,49.35472509181759,42.75657844121768,45.63112972522157,49.35472509181759,45.70223055334412,47.40970035235405,49.35472509181759,47.08120583207317,k-explorer,k-explorer,k-returner
47,5238,3,72.00880808575128,7.956915231419774,7.501851623284599,13.462138265025605,12.143127914814842,13.291369147953132,12.31120463793808,12.685755216646212,13.291369147953134,12.613451814101746,k-explorer,k-explorer,k-explorer
48,5238,4,79.56408926631451,7.715087131357922,14.39441120970479,14.42796703069735,12.97037222116452,14.39441120970479,14.562253958876443,13.637620779330758,14.39441120970479,13.672661286913655,k-explorer,k-explorer,k-explorer
49,5238,5,69.69677754336814,58.47633346888052,53.45992236152056,62.03111032915501,58.7784467725089,58.58972628257566,55.19776326107311,54.115362465173455,51.38852163445801,54.35042253474407,k-returner,k-returner,k-returner
50,5741,1,52.98767056697868,9.516885578334495,13.491433038491474,20.027633687260973,23.13706406036282,21.138655276851928,20.275768856472205,21.634048765134605,22.11127365161424,20.995936379319787,k-explorer,k-explorer,k-explorer
51,5741,2,77.07612362134886,69.64253344959373,62.675207094688886,70.64199955192693,67.76629898244242,67.11319594505129,71.64241515679029,71.04650950700773,69.07188361910404,68.58801437042611,k-returner,k-returner,k-returner
52,5741,3,65.6398844047527,25.15383778979968,29.00326077878948,42.77577439392534,47.5135554926755,55.56843322971178,53.61996235369613,51.16022149960736,49.632990212369066,48.90693384150939,k-explorer,k-explorer,k-explorer
53,5741,4,74.81724357052022,8.107566767464132,53.29559573446344,94.36274007472294,85.94929254443511,94.39505244410816,89.17219290695814,91.05513120595808,86.3903111133384,83.21833861647424,k-explorer,k-explorer,k-explorer
54,5741,5,61.02592457588676,12.552390210633233,31.848160854188095,38.97747435307276,38.60341496120086,39.14879913239014,37.58329103447679,41.798341504646594,41.78640804462327,42.04769621116794,k-explorer,k-explorer,k-explorer
55,6642,1,66.18115231776406,17.65336406340452,66.02716020209972,80.93255589264635,77.4042337870692,71.55242016020362,76.61941990147896,80.93255589264635,79.28486581365921,75.9590591089324,k-explorer,k-explorer,k-explorer
56,6642,2,57.844820984493566,7.298373980216549,6.880972977395434,7.298373980216549,14.68890730219325,33.208597949720435,38.02083537402734,40.72437796163066,42.64485165414142,42.6920583724018,k-explorer,k-explorer,k-explorer
57,6642,3,53.97077625094652,9.910726512218968,9.34392256436711,9.910726512218968,9.710489174083865,9.910726512218966,9.80907534804751,18.602823285181405,26.578933289117906,35.610585542842195,k-explorer,k-explorer,k-explorer
58,6642,4,52.54397763900523,27.289058399536867,46.92345026940352,50.341528892654814,47.96356255881472,43.805870410338926,40.5766575268888,39.74642525199593,37.48751506846286,35.636381222939384,k-returner,k-returner,k-explorer
59,6642,5,69.18979201438886,5.601735842080055,27.66111501640193,35.813705380141215,70.65327910924509,90.79718631769312,92.97886983866572,87.80572358874778,82.92562158425399,78.69011668846632,k-explorer,k-explorer,k-explorer
60,7093,1,53.44661181336175,2.3273733406281734,35.74394535623661,40.03206722428907,38.56652261569179,50.30700309286159,48.01584382788041,45.9841705950265,45.609729532014754,44.75628447492039,k-explorer,k-explorer,k-explorer
61,7093,2,71.91372744380367,18.34044389010713,17.291536326221514,18.34044389010713,20.010636627336293,18.924438003319857,19.71864432599906,19.07227477909841,19.377460118379805,21.41227644657888,k-explorer,k-explorer,k-explorer
62,7093,3,38.45803643690331,23.794840710633945,23.553104126457903,21.792814361906053,20.54691379907614,29.531346688608664,34.1707104317299,33.491879619305145,32.54482622580703,32.842703823595954,k-returner,k-returner,k-explorer
63,7093,4,58.28764761851534,24.445499898299843,25.627204311493777,34.069974014376314,33.86113143741984,32.168247318516855,35.674102677977004,34.59315580420386,34.01867757153262,36.2308527018065,k-explorer,k-explorer,k-explorer
64,7093,5,48.98085468936762,9.244649353364714,45.15216044213823,39.27838676252713,42.741100438180894,39.08147502097144,40.75334383843373,39.27838676252713,37.08699870913024,36.02195221898261,k-explorer,k-explorer,k-explorer
65,7412,1,62.90727599081232,15.211472278806154,16.545547559174985,19.781409403430047,23.13877563264267,28.15782999305335,31.34818876904133,48.06895619520129,47.4419356400838,46.169826582592506,k-explorer,k-explorer,k-explorer
66,7412,2,74.66265756810256,44.21722734912767,42.19966197961087,40.89870707554688,49.86509190918142,47.12601659730235,47.813226660276655,57.483040260016885,58.94237635501699,57.845613220787,k-returner,k-returner,k-returner
67,7412,3,65.63042761054035,18.848076824970764,17.770137247015786,18.848076824970764,18.467268341582088,18.848076824970764,42.82862429825239,53.55372123338124,60.455894863704266,57.99890221515633,k-explorer,k-explorer,k-explorer
68,7412,4,69.24721705108442,6.5,6.128258770283412,6.5,6.368673331236263,12.69375428669338,12.499826691380362,15.475961867659644,15.220474213238468,16.444920070246013,k-explorer,k-explorer,k-explorer
69,7412,5,79.36454547834495,103.40756742134494,104.35144722061614,95.3090419454655,89.99972222179356,83.45702625592097,79.37527691005623,74.74457236905441,70.87485111116801,85.4805641771322,k-returner,k-returner,k-returner
70,7842,1,60.24186729832512,31.30398398391659,30.80245026459498,27.99156745592244,31.570715714138448,58.94940682379937,55.22910217405671,51.67651835262867,48.9578025338627,46.91768406721812,k-returner,k-returner,k-returner
71,7842,2,51.3351517909318,9.355999263692937,14.677465160547808,15.99619163117862,18.944751545246277,19.56691671370505,20.22797275863793,21.677026432029283,24.54537357411166,26.90560317521653,k-explorer,k-explorer,k-explorer
72,7842,3,63.200172034792246,2.625330667003895,13.414912468712188,12.139059717841958,11.479401842721012,45.08812032475127,50.03342882698634,50.28631934920745,50.1432780989871,52.92204306074507,k-explorer,k-explorer,k-explorer
73,7842,4,63.16872941384732,66.61811383008212,64.777817482994,61.32125691372583,58.710760418247766,60.70576135065396,62.669954540736654,72.23354308516429,70.59368494894953,68.80465448766289,k-returner,k-returner,k-returner
74,7842,5,77.12890230801622,10.248983689452691,55.22055944288491,59.17002998069772,59.360424526783845,60.79925320112753,63.39607302372863,65.87257862406278,73.53523342966659,76.63206193667679,k-explorer,k-explorer,k-explorer
75,8007,1,65.56800816782491,22.612173140803137,21.31896128696828,20.93660458538169,22.280567171178284,21.49949462395365,22.48841384352682,27.906299158757964,35.08882164294863,38.25269987729617,k-explorer,k-explorer,k-explorer
76,8007,2,80.10468127485476,52.02217976498102,47.357980672040206,44.47819949182658,65.60245796546887,71.98434262982289,84.33756436318642,86.81601575379308,83.88130377049146,81.25579379513671,k-returner,k-returner,k-returner
77,8007,3,94.01070719266234,20.38434898821813,21.45397964551998,32.4702571908634,29.49420558796772,28.361892869133072,29.28504585740768,28.200109458464656,26.911147811700825,30.20736580669675,k-explorer,k-explorer,k-explorer
78,8007,4,89.61721688559633,49.040799340956944,52.028778835952856,57.94486723506138,60.40537135792552,63.87862961106518,65.9362992255067,64.81962660379612,61.83588882498905,61.92780115227373,k-returner,k-returner,k-returner
79,8007,5,70.52370899566854,12.369316876853008,12.89600099115173,13.69046850737364,13.80511177466925,14.091599407743368,14.138293343905726,25.507836826813328,31.323204001204648,41.75489442368803,k-explorer,k-explorer,k-explorer
80,8469,1,36.89106770297619,24.210592264085086,24.814082355138005,26.2877725094186,26.24089789283557,26.747536038977096,28.62435220288245,28.66302079074525,28.02819952752519,28.8279737793384,k-returner,k-returner,k-explorer
81,8469,2,43.06663744871884,20.22969232066789,20.091643176067095,18.65685195846288,38.267398366988296,51.10250028109608,51.14200204506901,48.57907527281659,48.38078857374933,46.59019776495672,k-explorer,k-explorer,k-explorer
82,8469,3,41.28443461099504,10.52935643516618,11.158402758862923,11.9762222793765,40.65993727081011,51.183623649259,52.279003071545446,50.27537881784461,48.98610328447018,48.26025697847162,k-explorer,k-explorer,k-explorer
83,8469,4,63.98962456924942,1.9002923751652436,4.616462757898273,5.977823600609172,8.491313421851647,11.338588731374342,15.48125493870898,18.94341082646099,22.913106832392547,25.386621376188664,k-explorer,k-explorer,k-explorer
84,8469,5,53.74279413612126,54.0222433612098,50.29117235122784,48.01057554938632,45.32126939969795,42.20790040970864,39.16705813132737,36.73791747062052,34.705615260431415,33.358881426091,k-returner,k-returner,k-returner
85,8673,1,59.54494350563682,42.00386225627882,40.60611916423739,57.28319910833397,55.61469558968097,54.01981531133831,63.08874973331359,65.52848424176932,67.1156213830497,64.80184953863676,k-returner,k-returner,k-returner
86,8673,2,62.01153468913545,23.824121180014178,22.461596856264105,53.89751994526279,58.25539345559917,57.09846778284115,55.68730879243688,64.60210214507343,62.07710292707715,59.69804477535256,k-explorer,k-explorer,k-explorer
87,8673,3,83.32960647021218,59.78360979398953,54.82009043056036,47.633635207959934,42.7272482927074,40.967040004978976,46.01939199495533,47.78592154557731,50.37509337727718,48.12354231558604,k-returner,k-returner,k-returner
88,8673,4,77.59568284313832,7.298373980216549,81.4475593985037,89.71038115650217,89.59690512603247,87.61891639968175,84.31727802529167,80.78751530000298,76.57320784871087,72.97575464019624,k-explorer,k-explorer,k-explorer
89,8673,5,63.63914979726541,27.589557326448496,26.011684100622304,47.79103576498208,52.074926831779095,51.40370764460471,50.97039112956262,49.87243470576431,55.87164037007364,53.79085980572773,k-explorer,k-explorer,k-returner
90,8695,1,51.9298332633725,11.070167618925735,22.17485692931054,49.432701867173805,50.05580441422908,49.36772033120011,47.79321041841744,46.352094991159184,46.6592995033985,44.99655974503928,k-explorer,k-explorer,k-explorer
91,8695,2,65.03959781777381,35.664298986833074,40.96555915689467,47.87470590278102,49.6351726321388,48.530932170264485,45.0718011473401,44.00767572209348,43.23200091441011,41.96764742036416,k-returner,k-returner,k-returner
92,8695,3,74.25589646716107,33.77929567540642,37.74043105284334,35.657903038557144,35.77587546526462,67.34937255996871,78.2274009310097,82.10741240809698,79.073143761532,77.97706799760685,k-explorer,k-explorer,k-returner
93,8695,4,69.70040532479888,11.20515754264769,10.564323843559697,11.20515754264769,10.97876738679403,11.20515754264769,11.090229811816814,16.064428521278835,16.10565358584434,30.90117618221746,k-explorer,k-explorer,k-explorer
94,8695,5,67.99796397969656,59.83343546880791,56.411503948909015,59.83343546880791,55.87920559365332,54.48090068174947,62.54722660162924,61.46668446086149,61.06664155799038,64.0749835219123,k-returner,k-returner,k-returner
95,9472,1,68.50366469477594,16.322913342905427,15.38939028465174,59.00721619005594,61.573059585070695,61.528509840139535,57.75634959350656,59.72974617495875,63.530123926296056,60.95162158311385,k-explorer,k-explorer,k-explorer
96,9472,2,77.07291222913904,48.29451878026829,42.42282575600919,37.84425986711136,38.59850152179345,35.8336630858107,33.82676044698804,33.642786746558386,34.61969443294359,42.250579434902825,k-returner,k-returner,k-returner
97,9472,3,77.45684463885492,17.900186218770667,16.876457413059633,55.61396874855524,72.70880238626162,79.42720551599588,84.65640429969653,85.90933646781012,87.6685606217567,89.79015070182005,k-explorer,k-explorer,k-explorer
98,9472,4,68.69519273527686,50.22472000917476,47.352320135577536,64.96665971865878,64.87567803113892,62.43252357545705,67.02154694650102,66.77782074723613,68.73506302382278,66.34158205831392,k-returner,k-returner,k-returner
99,9472,5,77.61198257942158,12.04808076002149,11.359039474259156,12.04808076002149,11.8046600967584,12.04808076002149,20.5433866176456,28.056911215012317,34.49142471771891,38.34981982429065,k-explorer,k-explorer,k-explorer
100,9502,1,64.86483663054644,19.246031336933424,15.741552048808613,22.45209174244374,20.445749571868355,21.43569385845523,23.79438675288568,22.440994002172783,22.89696895484216,24.293952745487903,k-explorer,k-explorer,k-explorer
101,9502,2,72.34422424967141,4.9882674848087465,30.78629127473257,28.516467282081067,32.33006320233022,31.200101746991688,32.79920338902036,32.133276738582595,31.59673630069989,29.97861689790092,k-explorer,k-explorer,k-explorer
102,9502,3,62.45346611784517,51.99471372266646,49.02108621220093,51.99471372266646,50.9442071770477,47.05296617461373,49.89705227844384,51.62520504592226,53.13350866428085,50.81472133343851,k-returner,k-returner,k-returner
103,9502,4,81.91311664419005,11.834506984051192,14.05822109112366,16.587997668997524,21.782259856232645,25.0382331102646,40.22186936866814,44.474507367204815,42.79492329159625,42.35601544579523,k-explorer,k-explorer,k-explorer
104,9502,5,85.97084187618489,35.511094217159794,83.97018950995316,98.56493915638956,91.24465891217962,94.97526538650274,97.49109792988789,97.7291264411379,95.54830063257164,90.9433496438549,k-explorer,k-explorer,k-returner
105,9586,1,57.46866624337467,8.368260140422155,7.889671322700795,14.259956317137403,18.466364593909457,19.910693030730265,22.488818751894676,24.369640767172417,32.529600253310576,35.01979428766128,k-explorer,k-explorer,k-explorer
106,9586,2,65.67894441367514,4.879449536349141,26.93298725483558,25.72419823823476,23.23369201062209,22.16166227274837,22.208887722656243,23.10438270112405,29.42187581385721,55.050844592638285,k-explorer,k-explorer,k-explorer
107,9586,3,53.43180601107092,9.355999263692937,40.823849364736944,51.215240583790646,47.31188774739624,44.132819912929634,42.43947389834591,40.57041889642531,42.7402457250007,49.397622665468425,k-explorer,k-explorer,k-explorer
108,9586,4,48.04838921950493,6.137534030829634,17.312135455038625,15.898173268187328,15.094548955277377,14.135704209674218,16.58794856166312,29.78001291678665,34.45842991196581,35.9069999494316,k-explorer,k-explorer,k-explorer
109,9586,5,67.87994266534446,52.30692174559693,52.10714477916668,50.24246367615744,51.92904081532798,52.21138879947909,55.642948107709614,60.61311590636529,61.27389159495557,59.52752495928062,k-returner,k-returner,k-returner
110,9601,1,70.02011885668439,7.298373980216549,19.064320554800144,51.19666499480349,61.34766210915053,67.44096311414464,71.28005697446085,78.53528279443063,75.72963306568333,74.14971898011437,k-explorer,k-explorer,k-explorer
111,9601,2,74.2567333146689,5.25809561005167,66.05258243698303,59.00238826795301,67.46693756499617,63.842420465456456,64.6955976211408,64.97081547089826,64.11097111756297,62.39878214614444,k-explorer,k-explorer,k-explorer
112,9601,3,73.39481327332705,11.834506984051192,30.320001140102267,32.97889687192234,47.73386871208139,52.17471243125304,52.34860473053279,52.36665854418566,52.60981721067861,51.564913243190645,k-explorer,k-explorer,k-explorer
113,9601,4,63.24941017679705,12.589656248065095,29.526797482072517,25.65701793748532,28.287381089257583,26.158792949210586,27.16900566462938,25.84631142418797,26.365957923716252,25.466673211168416,k-explorer,k-explorer,k-explorer
114,9601,5,79.28865862379384,55.46833430986648,52.2960471088387,55.46833430986648,53.26697171376984,54.17860343307908,56.00934104610167,54.56326746310194,54.975097936068494,54.017228774201705,k-returner,k-returner,k-returner
115,1031,1,73.86760584139854,31.51069042580805,27.925717162005803,29.526206579918117,28.251804268832885,27.925717162005803,26.40666187505001,28.225376436816564,27.925717162005803,26.890193379743472,k-explorer,k-explorer,k-returner
116,1031,2,66.08948664041482,38.59255649301647,31.530953992398995,30.607666012781824,27.726510819470622,27.220893486090223,33.02616123443252,38.46052309088728,47.15528891103344,53.121930902943866,k-returner,k-returner,k-returner
117,1031,3,59.18770704967695,77.60270613838154,67.13608415968491,63.3149627962371,61.03709615198504,59.41781412844527,56.721644955684965,53.80673533353053,53.79017409544337,52.20688032827772,k-returner,k-returner,k-returner
118,1031,4,68.5762196718061,38.74299891951808,33.35040457920576,71.0299629900024,63.900234306647455,59.00494765472321,55.772504867163335,53.07585208700172,51.48086826469615,55.54789230919866,k-returner,k-returner,k-returner
119,1031,5,64.82569024203544,4.204412364805958,3.963957992078482,4.204412364805958,4.119465984809184,4.204412364805958,4.161289046751276,4.204412364805958,4.178378601398563,4.204412364805958,k-explorer,k-explorer,k-explorer
120,1268,1,74.67970610833322,11.834506984051192,61.94476831006518,76.12068580948662,72.81191718013415,73.89373161972763,74.75682405841891,76.12068580948662,74.42533185385167,73.90725020356975,k-explorer,k-explorer,k-explorer
121,1268,2,65.34303666497793,21.78386252863954,38.12767587229156,34.192713897458745,39.134259604979526,37.25453139685688,37.78714837792149,35.80827293677099,40.00310649732676,44.28048626783186,k-explorer,k-explorer,k-explorer
122,1268,3,92.3344395604941,8.04145077430408,139.74265276592402,153.0063627716544,148.44459572513915,139.5164055503706,128.80162153385558,121.5123581673547,123.20561980820658,118.5696233489468,k-explorer,k-explorer,k-explorer
123,1268,4,75.83568351082536,15.086095511356785,28.70045381841056,28.31578807249885,31.209428774722006,30.923329620447028,30.09688390240628,31.45800651734213,39.28423930122608,45.87820568575504,k-explorer,k-explorer,k-explorer
124,1268,5,76.40631520847944,81.27288139348819,80.27801005989718,87.06860172444485,81.85174044168721,77.09764761987566,76.27420043241028,74.92268579027747,73.19713609135833,71.1920851347489,k-returner,k-returner,k-returner
125,1574,1,58.996882432745394,69.75110927360195,61.88601726281197,61.02028003998826,57.54346095346892,55.21386870095392,52.25939107703656,49.03089258790717,47.24657800285293,52.82874845366178,k-returner,k-returner,k-returner
126,1574,2,63.40637890974018,58.63197364351072,55.27875487690314,48.40049213477989,47.96697648730149,47.31439227994996,45.67880390303921,50.81450553711776,52.36314412444277,50.900941857144886,k-returner,k-returner,k-returner
127,1574,3,63.36863270044884,19.885854827545668,16.28965594929806,18.113122664897144,36.57780553529391,43.34244948032739,46.85467023078657,46.88903146993508,54.44974772280521,59.08415787782304,k-explorer,k-explorer,k-explorer
128,1574,4,72.22230735373986,37.34101715941868,38.559561244579605,40.93992253222329,41.173904896723656,42.02974410041168,42.11664914933895,42.55413028022368,42.389155865379344,43.96223125214036,k-returner,k-returner,k-returner
129,1574,5,71.66445127674999,3.1180478223116,36.49254955247039,41.26729603720387,38.77996183597915,36.64896989819448,36.25413859935359,34.497457522174884,32.59111771153872,31.048488135294583,k-explorer,k-explorer,k-explorer
130,1843,1,74.53176586212902,25.75802331907716,36.74550892699481,32.30445489591876,34.41626928992646,31.977008197890907,34.315068823402534,35.54800016440835,33.81475851867036,35.07196682740872,k-explorer,k-explorer,k-explorer
131,1843,2,79.03888053391378,3.9745282738961616,3.747221192652852,36.08648465838699,67.54631744218185,63.50582322380628,61.582013508451496,59.96207297377652,69.54208691038723,66.6036316577407,k-explorer,k-explorer,k-explorer
132,1843,3,72.72445652458143,77.84702948732212,73.3948832609528,77.84702948732212,76.95068211231802,74.81136610747201,77.56165426556795,76.28716424518235,74.86926406703913,84.92691202191583,k-returner,k-returner,k-returner
133,1843,4,70.61289063236853,82.3081342775668,84.98440665391286,81.66683148769029,76.45149756278052,70.411633597846,65.53168525915893,65.74947178536543,77.27240537760714,81.66003467709109,k-returner,k-returner,k-returner
134,1843,5,68.43517487334057,57.27454939095121,52.45749793310003,49.997760920138745,54.64493028539512,53.78186003975007,71.18965339971673,76.63086040665057,75.65509538177582,73.83547308880173,k-returner,k-returner,k-returner
135,4580,1,57.367644361580645,31.41235602611033,29.615853278811635,31.41235602611033,32.500083008441,62.1910007234781,57.57190568130544,61.98470241822467,58.434150797490574,55.44476913509916,k-returner,k-returner,k-returner
136,4580,2,74.35118928507949,7.089083300456859,84.74095653616168,93.652524710711,95.3771163850741,92.70194863022374,89.27984457081595,88.71121409179422,87.54593753952773,85.35197671571552,k-explorer,k-explorer,k-explorer
137,4580,3,71.43503488105189,25.34421024722523,55.15160316142878,55.09076514729024,51.60807968611978,49.56155599934421,48.76658327663358,54.93683438795363,53.01621834026429,55.50713065053495,k-explorer,k-explorer,k-explorer
138,4580,4,64.13172998935165,15.211472278806156,14.34151360023336,15.211472278806156,32.67085354259685,30.54145830233153,32.27419268317828,35.211505990572874,34.622112473874765,35.452628800822204,k-explorer,k-explorer,k-explorer
139,4580,5,66.39300827651168,19.52095562039248,22.26710744740038,25.09365270840416,35.89161926318361,37.34311317836063,37.61468856601589,39.26322594309252,42.05037518855144,47.256970385330455,k-explorer,k-explorer,k-explorer
140,4598,1,50.65198555826086,35.78976275494929,36.23181039310815,63.77228130502485,60.09607585635965,62.67642640132197,62.89311902067676,61.249968333679455,60.22118407403468,58.38568519860935,k-returner,k-returner,k-returner
141,4598,2,63.94903121768231,17.314192155569952,22.96326911384922,25.01157718048896,23.366975746885934,21.75955870558336,24.540736183462464,30.48777006053229,35.62047988314622,49.33943374444242,k-explorer,k-explorer,k-explorer
142,4598,3,69.49775637473378,2.607081701826776,2.457980200625438,2.607081701826776,64.44334721288148,64.91551355772334,65.29478813030093,64.49569306417386,62.90384951675713,61.813601939396975,k-explorer,k-explorer,k-explorer
143,4598,4,67.34249655781812,75.82051173660066,74.45421957657742,77.18633672650195,73.38048597701042,71.71968047875507,67.84497040524418,66.59583657203433,63.37145921057777,62.02754257882846,k-returner,k-returner,k-returner
144,4598,5,65.34342124659221,8.241864675747435,7.7705045357905025,37.15601117809428,43.1506446456288,47.02659806881554,46.133025636974736,44.41935459346522,63.69393669743189,61.48748524428908,k-explorer,k-explorer,k-explorer
145,4847,1,65.30334945637598,6.796266336093015,6.4075813506682975,6.796266336093015,6.658953871792981,6.796266336093015,6.726559197647475,6.796266336093015,16.55544623011012,19.29952503733361,k-explorer,k-explorer,k-explorer
146,4847,2,64.55462518419421,12.369316876853008,25.392474825778176,23.371156101057565,32.73590536398834,33.46038864126793,35.06085660934083,41.78164442128715,40.793261951232296,40.83319396234719,k-explorer,k-explorer,k-explorer
147,4847,3,68.47902167654591,30.82888256164988,38.124914895675104,44.242588833234734,40.68063585212666,37.368756342930176,35.702880718647585,56.99201203470438,67.19469980404578,74.38888988880589,k-explorer,k-explorer,k-returner
148,4847,4,67.75971656337714,81.50786005042704,78.41927909215522,71.57273398438822,65.70887306901557,62.0370028506748,60.773014085397406,59.63543862140522,60.20051074651547,59.74345883511237,k-returner,k-returner,k-returner
149,4847,5,50.59365296422855,9.355999263692937,14.677465160547808,15.098041861630785,16.637255115486386,33.42931005234975,38.401252586268114,36.97798440011487,36.76191355697736,35.677427488851016,k-explorer,k-explorer,k-explorer
150,4875,1,72.3602241181633,14.22902940392552,31.496096825262907,32.94030006019307,31.26597014149551,31.567824134332284,60.56866139311917,72.55397044162792,69.40423396887235,70.47749813277679,k-explorer,k-explorer,k-explorer
151,4875,2,67.92470816235074,25.599113770799573,26.32246682997467,27.636796431692343,30.27740227356657,28.809982942688013,28.925262861345708,27.432033744149123,26.41437087704532,27.789000675298603,k-explorer,k-explorer,k-explorer
152,4875,3,69.50198933713186,64.53874805107392,59.20052065725888,53.390974060332624,49.446964090607,45.810781432685154,43.18118561433072,40.70420739923578,50.40399882041959,55.48353920057933,k-returner,k-returner,k-returner
153,4875,4,70.39848300989966,22.335757305759056,40.54845015878743,70.12919997851003,101.70697343967376,94.47605643001644,88.4421086669156,83.32058973244905,80.65724068768182,80.82005353500676,k-explorer,k-explorer,k-explorer
154,4875,5,63.29813804945916,55.69903250705727,48.9840139371936,56.70498746014962,53.9532038343501,50.99765848085519,47.20236818745135,44.645663230510166,45.06550936000894,45.06499885464003,k-returner,k-returner,k-returner
155,5161,1,81.8775363060261,64.43601477434808,68.60204618479499,67.63547361900166,72.46240404513229,98.18082859667902,106.97585267559803,100.22677133363266,94.80492916919556,90.6827110403778,k-returner,k-returner,k-returner
156,5161,2,53.67373970751165,6.578188918269551,6.201975989379466,6.578188918269551,6.445282512556495,6.578188918269551,6.510718530416809,6.578188918269551,11.864741897301853,11.434548040429446,k-explorer,k-explorer,k-explorer
157,5161,3,70.7649922137306,77.58235946399155,73.145349969921,77.58235946399155,76.0148774911859,73.77800099670606,84.38368130962161,87.88904122955755,87.92870391333702,85.56800336574415,k-returner,k-returner,k-returner
158,5161,4,59.12525836848339,27.842485396522274,28.93489036886847,47.280277675982994,46.378503545404655,43.982963975989264,50.10034451548346,49.28269407210142,47.56232918760754,51.14938003045589,k-explorer,k-explorer,k-explorer
159,5161,5,68.75371772880028,85.76392825010342,80.85900699579285,85.76392825010342,77.15447851910837,74.02189065257583,71.5417663740898,68.85998089105145,71.94282947803693,75.03280866468421,k-returner,k-returner,k-returner
160,5189,1,56.4740130969538,40.93719783603497,43.567529533238734,42.77381159463502,41.9738013527486,41.94421449532259,39.2626339127765,37.18385836511143,35.833060578921746,35.37966694774463,k-returner,k-returner,k-returner
161,5189,2,78.01682483092999,71.46118798962756,59.67246204353772,58.24693471459107,63.35669262201115,65.00014962193923,63.91254201172912,67.86488100271266,82.67753885099607,89.91409468196477,k-returner,k-returner,k-returner
162,5189,3,62.28431169702656,8.013876853447512,10.84116526013374,10.973452814254337,10.255405078949003,10.84116526013374,10.224686679164044,10.54553618045726,10.101813660517806,10.41985284604985,k-explorer,k-explorer,k-explorer
163,5189,4,70.71116410013038,65.78848683470385,57.41786045812294,59.56934567749124,64.41273166075166,64.0522067159687,65.71518534334416,65.23385416458748,63.481188565045386,64.77225486271108,k-returner,k-returner,k-returner
164,5189,5,71.68599503051556,15.883290325515867,36.49717577783418,37.15011376000015,35.43604471870588,54.0827599948996,55.29790069294482,52.24332298691922,51.33972865028875,50.764448189653365,k-explorer,k-explorer,k-explorer
165,5743,1,77.31699102118843,6.18465843842649,10.369510546365907,10.46264851215452,11.34932205513226,48.51003247812566,46.38397299806471,43.41319013992176,53.8936006877645,53.38671733026472,k-explorer,k-explorer,k-explorer
166,5743,2,63.75455901106689,7.180333383625021,59.90251391084941,67.18300188431222,66.47704161755563,63.64625536321253,60.47729002964209,58.01424638608744,56.26583591546984,55.08616085279497,k-explorer,k-explorer,k-explorer
167,5743,3,67.26437011554223,26.230813093679657,24.73064775277036,26.230813093679657,23.88010794689915,21.98727506804097,20.617493185817963,19.382328083258823,49.59520334931777,56.79933780124434,k-explorer,k-explorer,k-explorer
168,5743,4,64.71596956845814,44.47984562323332,44.4576239718016,47.55532450618848,46.54417103975297,50.33992843719315,47.5415254527159,49.33720277749829,47.405255738208375,46.97190618988238,k-returner,k-returner,k-returner
169,5743,5,72.04360307919643,10.999999999999996,9.289358485383085,9.873241756271222,9.214288421311272,9.40547515880845,9.05758491592721,52.602657569112736,56.169641640082666,53.53956055261069,k-explorer,k-explorer,k-explorer
170,5766,1,49.55455660054995,37.64787171803951,35.4947538520893,37.80766092117254,36.54758234836066,34.25511252125057,33.28229818900006,31.69796353419189,31.422234694008715,30.78954807546889,k-returner,k-returner,k-returner
171,5766,2,62.978143870568886,11.834506984051192,11.15768018722954,11.834506984051192,11.595401387331712,11.834506984051192,11.713124216517365,48.07840795650314,48.0860953993636,51.78558877926773,k-explorer,k-explorer,k-explorer
172,5766,3,51.99224090225781,9.38300584093984,12.769189948236992,14.30479535466653,31.125775313859883,28.776333775261712,26.89699823269098,26.973166361386426,32.072827245555445,30.61377401958508,k-explorer,k-explorer,k-explorer
173,5766,4,54.60707311370838,5.684595486957718,10.352735789248928,9.207800412442388,9.35465979413178,8.674555976577624,9.73348870875322,11.045237204574248,13.627080645916609,16.531087901442408,k-explorer,k-explorer,k-explorer
174,5766,5,65.68090915767839,23.665845056161054,31.37263099117832,59.53121263486725,63.65026664865156,63.54789435176597,59.75196047030885,56.290304079240265,55.906364005819285,56.07825643192239,k-explorer,k-explorer,k-explorer
175,5851,1,65.3869717591673,11.834506984051192,18.214090326441067,17.489282432392727,16.84280261714187,16.29625420869989,25.51997839051112,25.714387455707023,29.16065523000251,27.8847660520539,k-explorer,k-explorer,k-explorer
176,5851,2,71.70092036170371,109.7934110602494,103.51422065373926,109.7934110602494,107.57513368690324,99.21469423896366,99.15719327880724,97.94123968712152,95.02663509153656,91.81856155732848,k-returner,k-returner,k-returner
177,5851,3,61.90457689183447,23.529260742979368,19.45393075475234,32.68333339973227,30.184052117338744,28.124734795274534,29.970386150320977,33.24770750372831,31.795597814637546,30.51344389955206,k-explorer,k-explorer,k-explorer
178,5851,4,78.63656846110617,9.156903892085408,8.63321178235611,9.156903892085408,8.971896863725828,9.156903892085408,9.062984446352644,18.99239408252974,18.5759199157499,55.52556168608792,k-explorer,k-explorer,k-explorer
179,5851,5,80.35681410173758,39.83775690221527,66.11290847229962,68.58548498042424,68.93371212017139,65.63098297241879,62.06225615827854,61.06414990520897,69.22140478680302,67.43715747518822,k-explorer,k-explorer,k-returner
180,5972,1,59.643278149298766,8.42743636424917,7.945463201571589,8.42743636424917,8.25716757287452,23.92253503844564,32.474859543703445,30.67756086995356,32.03835823192473,34.690754974857846,k-explorer,k-explorer,k-explorer
181,5972,2,68.72601429925022,36.20045875794552,42.0131404735849,43.87972004739528,42.2135096885672,43.07764080603667,44.55547556297742,44.90105124051316,43.45752125861596,46.0441618586965,k-returner,k-returner,k-returner
182,5972,3,73.78210149380554,51.88909614370935,57.81749213792779,50.97766076137065,45.89764578808906,42.49459653074376,42.50601793365984,46.448638807741325,51.83483608958439,51.19089349082402,k-returner,k-returner,k-returner
183,5972,4,79.2802753052596,55.09428282499011,48.52782759860913,49.58538655587787,75.0218867175884,82.99160136805257,86.99380246124817,88.76370412705806,86.9257958521508,83.3174141278067,k-returner,k-returner,k-returner
184,5972,5,72.45316478825649,3.8380858220964384,3.618582015440449,3.8380858220964384,3.760540741258707,3.838085822096438,3.79871979867474,9.43126561808405,12.71101235189028,22.54415405253532,k-explorer,k-explorer,k-explorer
185,6406,1,63.3351672879124,23.529260742979368,37.40506116587759,34.332000884338534,34.4825281362412,34.50183316534857,33.10668367640043,34.62523778999775,40.74593719198021,45.296167458063024,k-explorer,k-explorer,k-explorer
186,6406,2,61.19955502645704,6.662473436788947,12.475197531740749,14.52780746716464,14.727636030217097,15.378432962125247,42.737763772861655,48.18607162717842,52.147311760772055,55.61341406258156,k-explorer,k-explorer,k-explorer
187,6406,3,67.06231912680889,8.714944354500535,8.216528334307664,8.714944354500535,8.538866722110091,8.714944354500535,33.48899152113831,50.9865876881244,52.55475255819525,54.59212199266605,k-explorer,k-explorer,k-explorer
188,6406,4,73.13123552839168,76.49631799417973,72.12142025264934,63.26872729317867,60.55174204302008,56.88998442548653,54.27377603990773,51.75225875601786,49.7409001518823,48.41183055307866,k-returner,k-returner,k-returner
189,6406,5,60.47690315922871,53.27136015252473,54.0379641925385,52.405827741292285,52.32868983255588,48.556334615890336,45.92286577414714,44.92408769506152,42.74564160219513,40.66140788792946,k-returner,k-returner,k-returner
190,7081,1,71.97813505954103,6.914156170897176,6.5187289528322765,6.914156170897176,6.774461848245459,6.914156170897177,6.843239873977024,13.43217438994022,18.4290578276936,24.98684806263972,k-explorer,k-explorer,k-explorer
191,7081,2,96.20987487773776,12.342761036332186,11.636866703140784,12.342761036332186,12.093386622447824,12.342761036332186,12.216165268919337,12.342761036332186,12.266334536566454,12.342761036332186,k-explorer,k-explorer,k-explorer
192,7081,3,82.18578745032664,17.749119696480722,20.950951931386697,21.75144671114494,22.481913718463662,22.7353743743618,58.15758968608687,71.03584269795186,78.9130533592131,85.58208836647226,k-explorer,k-explorer,k-explorer
193,7081,4,75.40410575617814,39.20538866023391,41.00750520988923,48.92628050934552,50.6945668796086,50.2067151780635,49.92802582108238,51.49271477091847,51.431175646487205,51.754985065852985,k-returner,k-returner,k-returner
194,7081,5,96.11805286864664,33.48018070441078,50.62069308001654,55.33479101995617,57.47315663275624,63.5781374994678,59.32430566496657,57.42466486986813,56.99688509766795,57.47315663275624,k-explorer,k-explorer,k-returner
195,7823,1,63.62351420387173,7.248563075994209,13.727338227595869,11.912386323347086,12.34868414042565,13.727338227595864,42.41987053565514,55.42500404310287,79.46284440685963,80.16493287686286,k-explorer,k-explorer,k-explorer
196,7823,2,64.52279812951387,24.51951534294797,22.24630931915843,21.771955224486664,21.20491446909709,21.142742368173025,22.459443892122746,22.04290987655626,27.462847719875697,32.15342639396122,k-explorer,k-explorer,k-explorer
197,7823,3,64.37175666078112,9.623540931348774,9.073161402110696,9.623540931348774,10.302080168274612,13.694020692505903,16.117341423494423,23.700029472530577,30.586149307652114,51.28858847924409,k-explorer,k-explorer,k-explorer
198,7823,4,74.63396102624465,7.087013849719956,13.831642384972206,77.38166104986848,71.28076189814503,66.81891590938615,80.51084317850429,84.61378081225699,87.14866629635246,86.14356831420882,k-explorer,k-explorer,k-explorer
199,7823,5,72.74295422138331,57.298419602017695,78.80405454255305,103.5762673575478,95.59722570358524,88.64230357032181,82.56062058038762,90.58059658114716,87.31779221322144,93.4994167881395,k-returner,k-returner,k-returner
200,7935,1,60.749923283724,33.73257008770934,43.1754394298292,45.73348261713368,43.310287461525824,40.70671111417024,38.179238013055375,36.62349068544641,35.448566956270085,34.89478799226246,k-returner,k-returner,k-returner
201,7935,2,74.07017717431943,2.886751345948112,67.77350077580031,80.24556062487196,89.6682180782764,85.73494252853017,80.04199577993651,80.89476188233698,82.50769262052955,83.51077300763858,k-explorer,k-explorer,k-explorer
202,7935,3,73.84692799311952,16.03776792449623,51.96925966970556,58.37043344022726,60.04174843852864,61.49043185631845,64.0879780788906,64.69607471348885,62.73915516821095,63.0655887857149,k-explorer,k-explorer,k-explorer
203,7935,4,78.12005913183185,4.702983686507504,4.43401554205222,4.702983686507504,4.607964120230699,4.702983686507504,18.04798195298621,22.94879554131055,22.868641535096096,27.06097608488405,k-explorer,k-explorer,k-explorer
204,7935,5,72.51652559424726,4.547206101919436,4.287147026826774,4.547206101919436,4.455333881989095,4.547206101919436,4.500566857720964,4.5472061019194365,4.519049756263865,32.82091093258145,k-explorer,k-explorer,k-explorer
205,8629,1,74.310368096338,59.87712417943934,68.25833282464494,84.76436548603428,82.14090576564152,81.1219208455191,80.02366040421917,76.35478518039048,73.43490458806322,71.57070505606481,k-returner,k-returner,k-returner
206,8629,2,65.63427731809901,7.180333383625021,8.579664803950566,15.837127423706695,21.7393720138268,24.63504850232559,53.854654919468,51.01962079701986,48.72425091540336,46.71023363663351,k-explorer,k-explorer,k-explorer
207,8629,3,62.659935742074346,44.33889376157236,40.120651373908,70.14028910868561,66.86928791804701,63.45777704578528,61.67775456486128,70.14028910868561,68.58393148862359,66.85931435983072,k-returner,k-returner,k-returner
208,8629,4,62.48217930412246,17.630761469658648,16.761573914233246,20.42244816100384,22.041539067053478,22.035304018769256,23.831114785255043,40.59092337503999,49.87743622273179,48.26779032258175,k-explorer,k-explorer,k-explorer
209,8629,5,73.50626634153969,120.37629080881705,113.49185536666454,120.37629080881705,112.35122409460236,106.82598297165389,100.90173490530232,102.9452505430678,97.93748628245632,95.70336549289512,k-returner,k-returner,k-returner
210,9297,1,67.12343456589714,11.20515754264769,10.564323843559697,11.20515754264769,10.97876738679403,22.72331338501088,24.61644850028304,23.26214307296775,46.68177819296111,58.21843988854008,k-explorer,k-explorer,k-explorer
211,9297,2,85.95411841717889,107.08477261533078,100.9604918374932,107.08477261533078,104.92122085180868,98.85614218687962,92.154307463063,99.30505590804331,101.65269704265889,100.13094879041611,k-returner,k-returner,k-returner
212,9297,3,77.07220801629201,52.6909144471585,49.62288079458818,42.89348332157617,38.52526011160297,38.45615513874932,42.24507090240324,43.17788782171717,43.76426139843614,59.4014603028504,k-returner,k-returner,k-returner
213,9297,4,90.74588063849116,44.270518706365,44.84456653143489,47.29718718715022,45.55333720609551,44.84456653143489,46.900545656106,45.434438321462,44.84456653143489,43.31641061504784,k-explorer,k-explorer,k-returner
214,9297,5,76.32402214267285,96.3076101441816,89.49942571506129,95.83521072963272,86.37302330779441,78.84155481517061,73.39987397912923,68.87687809219527,65.45421140880374,73.38216153769555,k-returner,k-returner,k-returner
215,9627,1,65.72629754682538,19.952079069201627,21.768881132779303,27.62766191413152,30.076161387542857,31.820175074497108,38.25331619692786,42.84751931805128,44.04283866823877,67.3203758872689,k-explorer,k-explorer,k-explorer
216,9627,2,71.10776595676042,3.43288832067432,3.236558147473215,3.43288832067432,3.3635298918447667,3.43288832067432,3.3976782789244133,56.42299088868519,79.01134330961408,89.63497492143715,k-explorer,k-explorer,k-explorer
217,9627,3,87.97336935600823,8.896101674329042,134.74325635876838,148.086175868231,147.1503216283566,140.48882154356446,129.82622550717343,122.72967827921708,118.07440058414107,114.63388817598693,k-explorer,k-explorer,k-explorer
218,9627,4,78.13098102341294,63.786230173307935,65.00428721220683,58.630420157875626,53.02579911592172,49.20533483764154,45.779993938708586,43.63670105479636,43.45645015383219,42.47254496688088,k-returner,k-returner,k-returner
219,9627,5,73.31423507546337,6.321672378941102,20.63359809559087,30.323408690042324,38.670186621392645,44.25993820182797,54.8806218355917,53.43184667951627,50.879376031451045,48.332554591427645,k-explorer,k-explorer,k-explorer
